Workbook

Sheet Dashboard
A1: ISO/IEC 27001 GRC Executive Dashboard
A3: Risk, compliance, evidence, and control status at a glance
A5: Total Risks | D5: Critical Risks | G5: High Risks | J5: Open Compliance | M5: Evidence Items | P5: Overdue Reviews
A6: =COUNTIF('Risk Register'!A2:A200,"<>") | D6: =COUNTIF('Risk Register'!K2:K200,"Critical") | G6: =COUNTIF('Risk Register'!K2:K200,"High") | J6: =COUNTIF('Compliance Register'!F2:F200,"In Progress")+COUNTIF('Compliance Register'!F2:F200,"Planned") | M6: =COUNTIF('Audit Evidence'!I2:I200,"Current") | P6: =COUNTIF('Compliance Register'!I2:I200,"<"&TODAY())
A10: Risk Distribution
A12: Critical | B12: =COUNTIF('Risk Register'!K2:K200,A12)
A13: High | B13: =COUNTIF('Risk Register'!K2:K200,A13)
A14: Medium | B14: =COUNTIF('Risk Register'!K2:K200,A14)
A15: Low | B15: =COUNTIF('Risk Register'!K2:K200,A15)
A26: Owner Exposure
A28: CISO | B28: =COUNTIF('Risk Register'!M2:M200,A28)
A29: IT Manager | B29: =COUNTIF('Risk Register'!M2:M200,A29)
A30: Security Lead | B30: =COUNTIF('Risk Register'!M2:M200,A30)
A31: Compliance | B31: =COUNTIF('Risk Register'!M2:M200,A31)
A32: Operations | B32: =COUNTIF('Risk Register'!M2:M200,A32)
A33: Audit Lead | B33: =COUNTIF('Risk Register'!M2:M200,A33)
A42: Control Implementation
A44: Planned | B44: =COUNTIF('SoA'!E2:E200,A44)
A45: In Progress | B45: =COUNTIF('SoA'!E2:E200,A45)
A46: Implemented | B46: =COUNTIF('SoA'!E2:E200,A46)
A47: Complete | B47: =COUNTIF('SoA'!E2:E200,A47)
A58: Risk Trend

Sheet Compliance Register
A1: Requirement ID | B1: Framework / Clause | C1: Requirement | D1: Owner | E1: Evidence Ref | F1: Status | G1: Due Date | H1: Last Review | I1: Next Review | J1: Risk Link
A2: CR-001 | B2: ISO 27001 5.1 | C2: Leadership commitment and policy direction | D2: CISO | E2: EV-001 | F2: In Progress | G2: 2026-05-31 | H2: 2026-04-01 | I2: 2026-10-01 | J2: R-015
A3: CR-002 | B3: ISO 27001 6.1 | C3: Risk treatment and planning | D3: Compliance | E3: EV-002 | F3: In Progress | G3: 2026-05-15 | H3: 2026-04-05 | I3: 2026-10-05 | J3: R-009
A4: CR-003 | B4: ISO 27001 7.2 | C4: Competence and awareness | D4: HR Manager | E4: EV-003 | F4: Planned | G4: 2026-06-15 | H4: 2026-04-01 | I4: 2026-10-01 | J4: R-003
A5: CR-004 | B5: ISO 27001 8.1 | C5: Operational planning and control | D5: Operations | E5: EV-004 | F5: In Progress | G5: 2026-05-20 | H5: 2026-04-03 | I5: 2026-10-03 | J5: R-006
A6: CR-005 | B6: ISO 27001 9.2 | C6: Internal audit programme | D6: Audit Lead | E6: EV-005 | F6: Planned | G6: 2026-07-01 | H6: 2026-04-02 | I6: 2026-10-02 | J6: R-011
A7: CR-006 | B7: ISO 27001 9.3 | C7: Management review | D7: CISO | E7: EV-006 | F7: Planned | G7: 2026-07-15 | H7: 2026-04-02 | I7: 2026-10-02 | J7: R-015
A8: CR-007 | B8: ISO 27001 10.1 | C8: Nonconformity and corrective action | D8: Compliance | E8: EV-007 | F8: In Progress | G8: 2026-05-30 | H8: 2026-04-04 | I8: 2026-10-04 | J8: R-011

Sheet Audit Evidence
A1: Evidence ID | B1: Control ID | C1: Requirement Link | D1: Evidence Type | E1: File / Link | F1: Owner | G1: Collected Date | H1: Review Date | I1: Status
A2: EV-001 | B2: A.5.1 | C2: CR-001 | D2: Policy Document | E2: Policy_v2.pdf | F2: CISO | G2: 2026-04-01 | H2: 2026-07-01 | I2: Current
A3: EV-002 | B3: A.5.15 | C3: CR-002 | D3: Risk Treatment Plan | E3: Treatment_Tracker.xlsx | F3: Compliance | G3: 2026-04-05 | H3: 2026-07-05 | I3: Current
A4: EV-003 | B4: A.6.3 | C4: CR-003 | D4: Training Record | E4: Training_Log.xlsx | F4: HR Manager | G4: 2026-04-02 | H4: 2026-07-02 | I4: Current
A5: EV-004 | B5: A.8.20 | C5: CR-004 | D5: Firewall Review | E5: Network_Review.docx | F5: Operations | G5: 2026-04-03 | H5: 2026-07-03 | I5: Current
A6: EV-005 | B6: A.5.35 | C6: CR-005 | D6: Audit Plan | E6: Internal_Audit_Plan.xlsx | F6: Audit Lead | G6: 2026-04-02 | H6: 2026-07-02 | I6: Planned
A7: EV-006 | B7: A.5.36 | C7: CR-006 | D7: Management Review Minutes | E7: Mgmt_Review.pdf | F7: CISO | G7: 2026-04-02 | H7: 2026-07-02 | I7: Planned
A8: EV-007 | B8: A.10.1 | C8: CR-007 | D8: Corrective Action Log | E8: CAPA_Log.xlsx | F8: Compliance | G8: 2026-04-04 | H8: 2026-07-04 | I8: Planned

Sheet Risk Register
A1: Risk ID | B1: Risk Name | C1: Description | D1: Asset | E1: Threat | F1: Vulnerability | G1: Likelihood | H1: Impact | I1: Risk Score | J1: Current Controls | K1: Risk Level | L1: Treatment Plan | M1: Owner | N1: Target Date | O1: Status | P1: Residual Risk | Q1: % Complete
A2: R-001 | B2: Data Breach | C2: Unauthorized access to customer data | D2: Customer Database | E2: Hacker/Insider | F2: Weak passwords, no encryption | G2: 4 | H2: 5 | I2: =IF(AND(ISNUMBER(G2),ISNUMBER(H2)),G2*H2,"") | J2: Firewall, ACLs | K2: =IF(I2="","",IF(I2>=20,"Critical",IF(I2>=12,"High",IF(I2>=6,"Medium","Low")))) | L2: Implement MFA + encryption | M2: CISO | N2: 2026-06-30 | O2: In Progress | P2: 3 | Q2: 60
A3: R-002 | B3: Ransomware | C3: Encryption of critical systems | D3: Core Systems | E3: Cyber criminals | F3: Outdated patches | G3: 3 | H3: 5 | I3: =IF(AND(ISNUMBER(G3),ISNUMBER(H3)),G3*H3,"") | J3: Antivirus, Backups | K3: =IF(I3="","",IF(I3>=20,"Critical",IF(I3>=12,"High",IF(I3>=6,"Medium","Low")))) | L3: Offline backups + patch mgmt | M3: IT Manager | N3: 2026-09-30 | O3: Planned | P3: 2 | Q3: 40
A4: R-003 | B4: Phishing Attack | C4: Credential theft through email | D4: Email Platform | E4: External attacker | F4: Low user awareness | G4: 4 | H4: 4 | I4: =IF(AND(ISNUMBER(G4),ISNUMBER(H4)),G4*H4,"") | J4: Spam filter | K4: =IF(I4="","",IF(I4>=20,"Critical",IF(I4>=12,"High",IF(I4>=6,"Medium","Low")))) | L4: Awareness training + MFA | M4: Security Lead | N4: 2026-05-15 | O4: Open | P4: 3 | Q4: 20
A5: R-004 | B5: Cloud Misconfiguration | C5: Public exposure of storage | D5: Cloud Storage | E5: Error/attacker | F5: Misconfigured permissions | G5: 3 | H5: 5 | I5: =IF(AND(ISNUMBER(G5),ISNUMBER(H5)),G5*H5,"") | J5: Baseline policies | K5: =IF(I5="","",IF(I5>=20,"Critical",IF(I5>=12,"High",IF(I5>=6,"Medium","Low")))) | L5: Config review + guardrails | M5: Cloud Admin | N5: 2026-07-15 | O5: Open | P5: 3 | Q5: 25
A6: R-005 | B6: Insider Data Theft | C6: Sensitive records exported | D6: HR Data | E6: Malicious employee | F6: Excess access rights | G6: 2 | H6: 4 | I6: =IF(AND(ISNUMBER(G6),ISNUMBER(H6)),G6*H6,"") | J6: Role-based access | K6: =IF(I6="","",IF(I6>=20,"Critical",IF(I6>=12,"High",IF(I6>=6,"Medium","Low")))) | L6: Access review + logs | M6: HR Manager | N6: 2026-08-01 | O6: Open | P6: 2 | Q6: 30
A7: R-006 | B7: Website Outage | C7: Public service unavailable | D7: Web App | E7: System failure | F7: Single point of failure | G7: 2 | H7: 3 | I7: =IF(AND(ISNUMBER(G7),ISNUMBER(H7)),G7*H7,"") | J7: Monitoring | K7: =IF(I7="","",IF(I7>=20,"Critical",IF(I7>=12,"High",IF(I7>=6,"Medium","Low")))) | L7: Failover + redundancy | M7: DevOps | N7: 2026-04-30 | O7: In Progress | P7: 2 | Q7: 50
A8: R-007 | B8: Lost Laptop | C8: Endpoint compromise | D8: User Device | E8: Physical theft | F8: No full disk encryption | G8: 3 | H8: 3 | I8: =IF(AND(ISNUMBER(G8),ISNUMBER(H8)),G8*H8,"") | J8: Device password | K8: =IF(I8="","",IF(I8>=20,"Critical",IF(I8>=12,"High",IF(I8>=6,"Medium","Low")))) | L8: Encrypt endpoints | M8: IT Support | N8: 2026-05-20 | O8: Open | P8: 2 | Q8: 35
A9: R-008 | B9: Vendor Breach | C9: Third-party compromise | D9: Supplier Portal | E9: Supplier incident | F9: Weak contract controls | G9: 2 | H9: 4 | I9: =IF(AND(ISNUMBER(G9),ISNUMBER(H9)),G9*H9,"") | J9: Vendor review | K9: =IF(I9="","",IF(I9>=20,"Critical",IF(I9>=12,"High",IF(I9>=6,"Medium","Low")))) | L9: Supplier clauses + assurance | M9: Procurement | N9: 2026-10-15 | O9: Planned | P9: 2 | Q9: 15
A10: R-009 | B10: Backup Failure | C10: Unable to restore data | D10: Backup Storage | E10: Process failure | F10: Unverified backups | G10: 2 | H10: 5 | I10: =IF(AND(ISNUMBER(G10),ISNUMBER(H10)),G10*H10,"") | J10: Scheduled jobs | K10: =IF(I10="","",IF(I10>=20,"Critical",IF(I10>=12,"High",IF(I10>=6,"Medium","Low")))) | L10: Restore testing monthly | M10: Infrastructure | N10: 2026-06-10 | O10: Open | P10: 2 | Q10: 25
A11: R-010 | B11: Malware Infection | C11: Workstation compromise | D11: Endpoints | E11: Malware | F11: Low awareness | G11: 3 | H11: 4 | I11: =IF(AND(ISNUMBER(G11),ISNUMBER(H11)),G11*H11,"") | J11: AV software | K11: =IF(I11="","",IF(I11>=20,"Critical",IF(I11>=12,"High",IF(I11>=6,"Medium","Low")))) | L11: Macro blocking + awareness | M11: IT Manager | N11: 2026-05-31 | O11: Open | P11: 3 | Q11: 30
A12: R-011 | B12: Audit Non-Compliance | C12: Missing evidence during audit | D12: ISMS Records | E12: Audit failure | F12: Incomplete logs | G12: 2 | H12: 4 | I12: =IF(AND(ISNUMBER(G12),ISNUMBER(H12)),G12*H12,"") | J12: Manual checks | K12: =IF(I12="","",IF(I12>=20,"Critical",IF(I12>=12,"High",IF(I12>=6,"Medium","Low")))) | L12: Evidence library + tracking | M12: Compliance | N12: 2026-07-01 | O12: Open | P12: 2 | Q12: 20
A13: R-012 | B13: Network Intrusion | C13: Unauthorized network access | D13: Network | E13: Attacker | F13: Weak segmentation | G13: 3 | H13: 5 | I13: =IF(AND(ISNUMBER(G13),ISNUMBER(H13)),G13*H13,"") | J13: Firewall | K13: =IF(I13="","",IF(I13>=20,"Critical",IF(I13>=12,"High",IF(I13>=6,"Medium","Low")))) | L13: Segment networks + monitor | M13: Network Lead | N13: 2026-08-20 | O13: Open | P13: 3 | Q13: 20
... A16: R-015 | B16: Regulatory Non-Compliance | C16: Late reporting obligations | D16: Compliance Evidence | E16: Process gap | F16: No review calendar | G16: 2 | H16: 4 | I16: =IF(AND(ISNUMBER(G16),ISNUMBER(H16)),G16*H16,"") | J16: Manual reminders | K16: =IF(I16="","",IF(I16>=20,"Critical",IF(I16>=12,"High",IF(I16>=6,"Medium","Low")))) | L16: Compliance calendar + owner | M16: Compliance | N16: 2026-05-25 | O16: In Progress | P16: 2 | Q16: 45

Sheet Risk Matrix
A1: Risk Assessment Matrix (5×5)
B3: 1 | C3: 2 | D3: 3 | E3: 4 | F3: 5
A4: 1 | B4: 1 | C4: 2 | D4: 3 | E4: 4 | F4: 5
A5: 2 | B5: 2 | C5: 4 | D5: 6 | E5: 8 | F5: 10
A6: 3 | B6: 3 | C6: 6 | D6: 9 | E6: 12 | F6: 15
A7: 4 | B7: 4 | C7: 8 | D7: 12 | E7: 16 | F7: 20
A8: 5 | B8: 5 | C8: 10 | D8: 15 | E8: 20 | F8: 25

Sheet SoA
A1: Control ID | B1: Control Name | C1: Description | D1: Applicable? | E1: Implementation Status | F1: Related Risks | G1: Owner | H1: Notes | I1: Evidence Ref | J1: Test Frequency | K1: Review Date
A2: A.5.1 | B2: Policies for information security | C2: Refer to Annex A Controls for policies for information security.
A3: A.5.10 | B3: Acceptable use of information and other associated assets | C3: Refer to Annex A Controls for acceptable use of information and other associated assets.
A4: A.5.11 | B4: Return of assets | C4: Refer to Annex A Controls for return of assets.
A5: A.5.12 | B5: Classification of information | C5: Refer to Annex A Controls for classification of information.
A6: A.5.13 | B6: Labelling of information | C6: Refer to Annex A Controls for labelling of information.
A7: A.5.14 | B7: Information transfer | C7: Refer to Annex A Controls for information transfer.
A8: A.5.15 | B8: Access control | C8: Refer to Annex A Controls for access control.
A9: A.5.16 | B9: Identity management | C9: Refer to Annex A Controls for identity management.
A10: A.5.17 | B10: Authentication information | C10: Refer to Annex A Controls for authentication information.
A11: A.5.18 | B11: Access rights | C11: Refer to Annex A Controls for access rights.
A12: A.5.19 | B12: Information security in supplier relationships | C12: Refer to Annex A Controls for information security in supplier relationships.
A13: A.5.2 | B13: Information security roles and responsibilities | C13: Refer to Annex A Controls for information security roles and responsibilities.
... A94: A.8.9 | B94: Configuration management | C94: Refer to Annex A Controls for configuration management.

Sheet Annex A Controls
A1: Control ID | B1: Control Name | C1: Description | D1: Category | E1: Criticality
A2: A.5.1 | B2: Policies for information security | C2: Policies for information security control supporting governance, risk reduction, and auditability. | D2: Organizational | E2: High
A3: A.5.10 | B3: Acceptable use of information and other associated assets | C3: Acceptable use of information and other associated assets control supporting governance, risk reduction, and auditability. | D3: Organizational | E3: High
A4: A.5.11 | B4: Return of assets | C4: Return of assets control supporting governance, risk reduction, and auditability. | D4: Organizational | E4: High
A5: A.5.12 | B5: Classification of information | C5: Classification of information control supporting governance, risk reduction, and auditability. | D5: Organizational | E5: High
A6: A.5.13 | B6: Labelling of information | C6: Labelling of information control supporting governance, risk reduction, and auditability. | D6: Organizational | E6: Medium
A7: A.5.14 | B7: Information transfer | C7: Information transfer control supporting governance, risk reduction, and auditability. | D7: Organizational | E7: High
A8: A.5.15 | B8: Access control | C8: Access control control supporting governance, risk reduction, and auditability. | D8: Organizational | E8: Critical
A9: A.5.16 | B9: Identity management | C9: Identity management control supporting governance, risk reduction, and auditability. | D9: Organizational | E9: Critical
A10: A.5.17 | B10: Authentication information | C10: Authentication information control supporting governance, risk reduction, and auditability. | D10: Organizational | E10: Critical
A11: A.5.18 | B11: Access rights | C11: Access rights control supporting governance, risk reduction, and auditability. | D11: Organizational | E11: Critical
A12: A.5.19 | B12: Information security in supplier relationships | C12: Information security in supplier relationships control supporting governance, risk reduction, and auditability. | D12: Organizational | E12: High
... A94: A.8.9 | B94: Configuration management | C94: Configuration management control supporting governance, risk reduction, and auditability. | D94: Technological | E94: High

Sheet Control-Risk Mapping
A1: Control ID | I1: Effectiveness Score
A2: A.5.15 | B2: Access control | C2: 4 | D2: R-001, R-003, R-005, R-014 | E2: 45% | F2: Security Lead | G2: 2026-04-15 | H2: In Progress | I2: 3
A3: A.5.24 | B3: Incident response planning | C3: 3 | D3: R-002, R-010, R-011 | E3: 40% | F3: CISO | G3: 2026-05-01 | H3: Planned | I3: 2
A4: A.8.13 | B4: Information backup | C4: 3 | D4: R-002, R-006, R-009 | E4: 55% | F4: Infrastructure | G4: 2026-04-20 | H4: In Progress | I4: 4
A5: A.8.20 | B5: Network security | C5: 3 | D5: R-004, R-006, R-012 | E5: 50% | F5: Network Lead | G5: 2026-06-01 | H5: Planned | I5: 3
A6: A.8.24 | B6: Use of cryptography | C6: 2 | D6: R-001, R-007 | E6: 60% | F6: IT Manager | G6: 2026-05-30 | H6: Planned | I6: 3
A7: A.6.3 | B7: Security awareness training | C7: 2 | D7: R-003, R-010 | E7: 35% | F7: HR Manager | G7: 2026-04-30 | H7: In Progress | I7: 4

Sheet Risk Trends
A1: Month | G1: Average Risk Score | H1: Remediated This Month
A2: Jan | B2: 25 | C2: 3 | D2: 8 | E2: 10 | F2: 4 | G2: 11.2 | H2: 0
A3: Feb | B3: 24 | C3: 2 | D3: 8 | E3: 11 | F3: 3 | G3: 10.8 | H3: 1
A4: Mar | B4: 22 | C4: 1 | D4: 7 | E4: 11 | F4: 3 | G4: 10.2 | H4: 2
A5: Apr | B5: 20 | C5: 0 | D5: 6 | E5: 11 | F5: 3 | G5: 9.8 | H5: 2
A6: May | B6: 18 | C6: 0 | D6: 5 | E6: 10 | F6: 3 | G6: 9.3 | H6: 2
A7: Jun | B7: 17 | C7: 0 | D7: 4 | E7: 10 | F7: 3 | G7: 8.9 | H7: 1

Sheet Instructions
A1: ISO/IEC 27001 GRC Project - Enhanced Version
A3: New in this workbook:
A4: - Full Annex A control reference set
A5: - Professional risk register structure
A6: - Dropdown validation for data quality
A7: - Improved formulas and dashboard metrics
A8: - Control-risk mapping and trend tracking
A11: Use Dashboard for a quick status view and Risk Register for day-to-day updates.
A13: Additional professional sheets: Compliance Register, Audit Evidence.
A14: Use them for evidence tracking, review cycles, and audit readiness.

Sheet Lists
A1: Likelihood | B1: Impact | C1: Status | D1: Owner | E1: Applicability | F1: Implementation
A2: 1 | B2: 1 | C2: Open | D2: CISO | E2: Applicable | F2: Not Started
A3: 2 | B3: 2 | C3: In Progress | D3: IT Manager | E3: Not Applicable | F3: In Progress
A4: 3 | B4: 3 | C4: Planned | D4: Security Lead | F4: Implemented
A5: 4 | B5: 4 | C5: Implemented | D5: Cloud Admin | F5: Complete
A6: 5 | B6: 5 | C6: Complete | D6: HR Manager
D7: DevOps
D8: IT Support
D9: Procurement
D10: Infrastructure
D11: Network Lead
D12: Ops Manager
D13: Compliance
